Both Price And Arrival from 01-Jan-2018 To 31-Dec-2023 Total Arrival- 32.50,,,,,,,,,
State Name,District Name,Market Name,Variety,Group,Arrivals (Tonnes),Min Price (Rs./Quintal),Max Price (Rs./Quintal),Modal Price (Rs./Quintal),Reported Date
Madhya Pradesh,Mandla,Mandla,Other,Pulses,10.3,3300,3300,3300,20-Jan-19
Madhya Pradesh,Mandla,Mandla,Other,Pulses,0.1,2050,2050,2050,05-Aug-18
Madhya Pradesh,Mandla,Mandla,Other,Pulses,2.1,3500,3575,3550,07-Apr-18
Madhya Pradesh,Guna,Raghogarh,Avare (W-S),Pulses,20,1824,1847,1836,29-Sep-18
